{
    "gpdpp": {
        "ashLow": [
            20,
            20,
            20,
            20,
            20
        ],
        "ashMed": [
            49,
            49,
            49,
            49,
            49
        ],
        "EcoMark": [
            24,
            24,
            24,
            24,
            24
        ],
        "Ca": [
            1,
            2,
            3,
            4,
            5
        ]
    },
    "rpeople": {
        "CA": [
            1.374,
            1.74,
            2.567,
            3.109,
            4.225,
            3.769
        ],
        "ASHSTD": [
            1.49,
            1.94,
            2.39,
            2.84,
            3.29,
            3.74
        ],
        "ASHLOW": [
            1.69,
            2.26,
            2.83,
            3.4,
            3.97,
            4.54
        ]
    },
    "loadshapes": {
        "Stream": [
            0.01584,
            0.00528,
            0.00293,
            0.00117,
            0.00176,
            0.01701,
            0.06745,
            0.12669,
            0.0915,
            0.08563,
            0.04516,
            0.02815,
            0.02874,
            0.02229,
            0.02991,
            0.02874,
            0.02757,
            0.03284,
            0.04633
        ]
    },
    "gpdppfit": [
        0.0028572529789366724,
        -839.2729073334974,
        858.8639263233958
    ]
}