{
    "gpdpp": {
        "ashLow": [
            20,
            20,
            20,
            20,
            20
        ],
        "ashMed": [
            49,
            49,
            49,
            49,
            49
        ],
        "ecoMark": [
            24,
            24,
            24,
            24,
            24
        ],
        "CA": [
            1,
            2,
            3,
            4,
            5
        ]
    },
    "rpeople": {
        "CA": [
            1.374,
            1.74,
            2.567,
            3.109,
            4.225,
            3.769
        ],
        "ASHSTD": [
            1.49,
            1.94,
            2.39,
            2.84,
            3.29,
            3.74
        ],
        "ASHLOW": [
            1.69,
            2.26,
            2.83,
            3.4,
            3.97,
            4.54
        ]
    },
    "loadshapes": {
        "Stream": [
            0.008915,
            0.004458,
            0.001486,
            0.001486,
            0.001486,
            0.014859,
            0.069837,
            0.13373,
            0.104012,
            0.077266,
            0.035067,
            0.031204,
            0.020802,
            0.022288,
            0.024071,
            0.024071,
            0.020802,
            0.043388,
            0.047251,
            0.07578,
            0.092125,
            0.059435,
            0.053492,
            0.032689
        ]
    },
    "gpdppfit": [
        0.0028572529789366724,
        -839.2729073334974,
        858.8639263233958
    ]
}